S.No,Headline
1,"Claims of white genocide 'not real', South African court rules"
2,"UK defence spending to rise to 2.5% of GDP by 2027, funded by cut in international aid"
3,Bangladesh wooed by China as ties with India fray
4,Race against time to save eight Indian workers trapped inside tunnel
5,CCTV shows thieves stealing £4.8m gold toilet
6,"UK defence spending to rise to 2.5% of GDP by 2027, funded by cut in international aid"
7,US sides with Russia in UN resolutions on Ukraine
8,Putin offers Russian and Ukrainian rare minerals to US
9,Is India v Pakistan still cricket's greatest rivalry?
10,Bangladesh wooed by China as ties with India fray
11,Seven planets to be visible in night sky for last time until 2040
12,Syrian leader hails 'historic' dialogue conference
13,Spanish city 'adopts' migrants who intervened in homophobic attack
14,German politics froze out the far right for years – is this about to change?
15,"Singapore bank to cut 4,000 roles as AI replaces humans"
16,More to explore
17,Countries compete to keep skilled young workers
18,"Oscars 2025: The quirks, record breakers and possible winners"
19,Macron walks tightrope with Trump as he makes Europe's case
20,Is India v Pakistan still cricket's greatest rivalry?
21,Is the downfall of a Japanese star a turning point for women's rights?
22,"Oscars 2025: The quirks, record breakers and possible winners"
23,Why is Ukraine negotiating a minerals deal with the US?
24,Five key takeaways from the German election
25,Macron walks tightrope with Trump as he makes Europe's case
26,Most watched
27,CCTV shows £4.8m gold toilet raid at Blenheim Palace
28,Watch: Macron interrupts Trump over Ukraine funding
29,Man arrested trying to smuggle cocaine under toupee
30,Trump and Macron cite 'progress' in Ukraine war peace talks
31,'To be frank...' Macron interrupts Trump over Ukraine funding
32,Most read
33,US sides with Russia in UN resolutions on Ukraine
34,Putin offers Russian and Ukrainian rare minerals to US
35,Seven planets to be visible in night sky for last time until 2040
36,Federal workers left confused as Musk doubles down on threat
37,"Major Asia bank to cut 4,000 roles as AI replaces humans"
38,Is India v Pakistan still cricket's greatest rivalry?
39,Theranos founder Elizabeth Holmes loses fraud appeal
40,Bangladesh wooed by China as ties with India fray
41,The seven bills due to go up in April
42,"Man, 80, 'racially taunted' before fatal attack"
43,Also in news
44,Trump dominates Liberal leadership debate in Canada
45,Murdered businessman's body was found in sack in Kenya
46,"UK may have to leave human rights treaty, says opposition leader Badenoch"
47,'People will starve' because of US aid cut to Sudan
48,Secret Service agent who leapt onto JFK's car during assassination dies at 93
49,Murdered businessman's body was found in sack in Kenya
50,Artists release silent album in protest against AI using their work
51,Israel demands complete demilitarisation of southern Syria
52,"UK may have to leave human rights treaty, says opposition leader Badenoch"
53,Sport
54,'Over my dead body' - Arteta won't quit title race
55,Galatasaray accuse Mourinho of making 'racist statements'
56,Captaincy on line against Afghanistan - Buttler
57,England v Spain - World Cup finalists meet again
58,Team must take responsibility for Man Utd problems - Amorim
59,Galatasaray accuse Mourinho of making 'racist statements'
60,Ferguson promises 'a bit of desire' from Rangers
61,World Cup winner who was '2mm from death' forced to retire
62,Captaincy on line against Afghanistan - Buttler
63,Follow BBC on:
